,Sequencen,True next word,Predicted word,Predictions,Correct
0,about the world which they lived progress the european and,europeanized,europeanized,[0.9940777],True
1,situation and gave the belgians monarch leopold of saxe coburg,gotha,gotha,[0.99994373],True
2,westward it meant the possibility of continuous access to washington,however,however,[0.8641862],True
3,british built engines upon the hudson river above new york,the,the,[0.5535655],True
4,to innovation unless it has the spur of contact with,independent,independent,[0.09270809],True
5,royal society and its work realizing the dream of bacon,’,’,[0.8602296],True
6,are now roumania and serbia part of the jugo slav,region,region,[0.96290344],True
7,dundas on the firth of clyde canal and american named,fulton,fulton,[0.99942684],True
10,last britain france and russia took joint action the turkish,fleet,fleet,[0.69191],True
11,the chief european distances to about tenth of what they,had,had,[0.676133],True
13,administration the full significance of that possibility europe still remains,to,to,[0.89940023],True
14,opening years of the nineteenth century while these conflicts of,the,the,[0.9394097],True
15,from onward railways multiplied by the middle of the century,network,network,[0.9373084],True
17,scientific thought of this period endowed learning is apt to,be,be,[0.6102499],True
19,of the century network of railways had spread all over,europe,europe,[0.79376096],True
20,here sudden change what had long been fixed condition of,human,human,[0.62535894],True
21,journey of about miles he travelling with every conceivable advantage,and,and,[0.3239782],True
22,science the science of geology—foreshadowed by aristotle and anticipated by,leonardo,leonardo,[0.9990094],True
23,era america the effects were immediate to the united states,of,of,[0.7641172],True
24,dream of bacon ’ s new atlantis throughout the eighteenth,century,century,[0.9344632],True
25,christian governors were set up the danubian provinces which are,now,now,[0.94644105],True
27,on disconnected from political life and producing throughout the seventeenth,and,and,[0.46562764],True
28,or of annexation to france hurried to pacify this situation,and,and,[0.7521122],True
29,of interpreting the record of the rocks early rolling stock,on,on,[0.8444724],True
30,the insurgents and at last britain france and russia took,joint,joint,[0.22523579],True
31,were about the same maximum rates of travel as held,good,good,[0.32927927],True
32,about miles he travelling with every conceivable advantage and he,averaged,averaged,[0.81372786],True
33,conflicts of the powers and princes were going on europe,and,and,[0.56593144],True
34,the european and europeanized world it went on disconnected from,political,political,[0.43400615],True
35,locomotive the first railway between stockton and darlington opened and,stephenson,stephenson,[0.998965],True
36,continuous access to washington however far the frontier travelled across,the,the,[0.9759863],True
37,to be realized europe is still netted boundaries drawn the,horse,horse,[0.5691226],True
38,sudden change what had long been fixed condition of human,life,life,[0.31218958],True
40,railway here sudden change what had long been fixed condition,of,of,[0.98792404],True
41,of contact with independent minds we have already noted the,formation,formation,[0.6687143],True
42,the time these were about the same maximum rates of,travel,travel,[0.96335864],True
43,spur of contact with independent minds we have already noted,the,the,[0.74741393],True
44,the full significance of that possibility europe still remains to,be,be,[0.5356388],True
45,opened and stephenson ’ s “ rocket ” with thirteen,ton,ton,[0.96131086],True
46,there were ineffectual revolts italy and germany and much more,serious,serious,[0.09368158],True
48,new abundance appeared to revolutionize industry trevithick adapted the watt,engine,engine,[0.9327801],True
50,europe and the patchwork of the treaty of westphalia changing,kaleidoscopically,kaleidoscopically,[0.99776995],True
51,reacted upon practical inventions machinery on new scale and new,abundance,abundance,[0.893655],True
52,up by the current revolution france revolted against its dutch,association,association,[0.8826586],True
53,governments of europe looked on liberal opinion protested against this,inactivity,inactivity,[0.9934974],True
54,the steamboat clermont a the steamboat if anything little ahead,of,of,[0.95925736],True
55,own speech is it any wonder that one of the,most,most,[0.11525587],True
56,on the liverpool and manchester railway here sudden change what,had,had,[0.33404383],True
57,steamboat if anything little ahead of the steam engine its,earlier,earlier,[0.08165912],True
59,by leonardo vinci —began its great task of interpreting the,record,record,[0.9630073],True
60,done this distance twice the time these were about the,same,same,[0.52839804],True
61,realizing the dream of bacon ’ s new atlantis throughout,the,the,[0.96225786],True
62,resistent to innovation unless it has the spur of contact,with,with,[0.97476846],True
63,looked on liberal opinion protested against this inactivity volunteers from,every,every,[0.24432279],True
64,of optical glass microscope and telescope renewed energy classificatory natural,history,history,[0.92408156],True
66,miles hour ordinary traveller could not have done this distance,twice,twice,[0.7209284],True
67,while the sailing ship spreading european influence throughout the world,steady,steady,[0.48442632],True
68,came this tremendous change the railways reduced this journey for,any,any,[0.3472889],True
69,and motion much mathematical advance systematic development of the use,of,of,[0.95540166],True
70,to carry out administrative work areas ten times as great,as,as,[0.64894235],True
71,the liverpool and manchester railway the first days of the,railway,railway,[0.73120725],True
73,she not permitted to resume her ancient republican traditions german,king,king,[0.797631],True
74,ton train got up to speed of forty four miles,per,per,[0.9832153],True
76,century it process that went on chiefly small world of,prosperous,prosperous,[0.81476384],True
78,general ideas about matter and motion much mathematical advance systematic,development,development,[0.5323874],True
81,the world steady growth of knowledge and general clearing up,of,of,[0.8330432],True
82,science of geology—foreshadowed by aristotle and anticipated by leonardo vinci,—began,—began,[0.9998534],True
83,twice the time these were about the same maximum rates,of,of,[0.9997603],True
84,by the french and english at the battle of navarino,and,and,[0.98291194],True
87,kaleidoscopically into the patchwork of the treaty of vienna and,while,while,[0.90283936],True
88,—began its great task of interpreting the record of the,rocks,rocks,[0.9464382],True
90,been fixed condition of human life the maximum rate of,land,land,[0.19297092],True
91,as the state religion map europe after the congress of,vienna,vienna,[0.95882297],True
93,were to come later and only their full force the,latter,latter,[0.6133012],True
95,bacon ’ s new atlantis throughout the eighteenth century there,much,much,[0.32809287],True
96,with every conceivable advantage and he averaged under miles hour,ordinary,ordinary,[0.11397023],True
97,from these lands lvii the development of material knowledge throughout,the,the,[0.9942272],True
99,of the netherlands the powers terrified at the possibilities of,republic,republic,[0.36079514],True
100,optical glass microscope and telescope renewed energy classificatory natural history,great,great,[0.56854266],True
102,greeks against the turks for six years they fought desperate,while,while,[0.10425113],True
103,the watt engine to transport and made the first locomotive,the,the,[0.9853426],True
105,change the railways reduced this journey for any ordinary traveller,to,to,[0.16190587],True
106,ahead of the steam engine its earlier phases there steamboat,the,the,[0.95415896],True
107,reduced this journey for any ordinary traveller to less than,forty,forty,[0.19282125],True
108,had still to run however before the turk altogether expelled,from,from,[0.72476256],True
109,with great violence and cruelty the polish language banned and,the,the,[0.9887489],True
111,british museum french speaking belgium stirred up by the current,revolution,revolution,[0.9983625],True
112,there the german fatherland portrait of napoleon coronation portrait of,napoleon,napoleon,[0.90447134],True
113,onward railways multiplied by the middle of the century network,of,of,[0.90288985],True
114,phases there steamboat the charlotte dundas on the firth of,clyde,clyde,[0.99712014],True
115,development of the use of optical glass microscope and telescope,renewed,renewed,[0.87903047],True
116,he averaged under miles hour ordinary traveller could not have,done,done,[0.20268303],True
118,disaster napoleon travelled from near vilna to paris hours this,journey,journey,[0.78205657],True
120,independent spirited people without what the english call the “,private,private,[0.26817244],True
121,the congress of vienna there insurrection of the greeks against,the,the,[0.70591545],True
122,stephenson ’ s “ rocket ” with thirteen ton train,got,got,[0.7679658],True
123,it has the spur of contact with independent minds we,have,have,[0.22797948],True
124,which went from new york hoboken to philadelphia too the,first,first,[0.9636652],True
125,the treaty of westphalia changing kaleidoscopically into the patchwork of,the,the,[0.9892279],True
126,substituted for the roman catholic as the state religion map,europe,europe,[0.54629064],True
127,same maximum rates of travel as held good between rome,and,and,[0.847613],True
128,period endowed learning is apt to be timid and conservative,learning,learning,[0.9035371],True
129,fatherland portrait of napoleon coronation portrait of napoleon coronation from,print,print,[0.96561074],True
130,of larger and bolder handling of masses of metal and,other,other,[0.81136173],True
132,that wherever the german tongue spoken there the german fatherland,portrait,portrait,[0.90839624],True
133,german king found for greece one prince otto of bavaria,and,and,[0.9895577],True
136,tsar invaded turkey by the treaty of adrianople greece declared,free,free,[0.98068845],True
137,ten times as great as any that had hitherto been,workable,workable,[0.9713499],True
139,kingdom of the netherlands the powers terrified at the possibilities,of,of,[0.8889339],True
140,with british built engines upon the hudson river above new,york,york,[0.9599731],True
142,saxe coburg gotha there were ineffectual revolts italy and germany,and,and,[0.92392296],True
143,still netted boundaries drawn the horse and road era america,the,the,[0.9732361],True
144,of saxe coburg gotha there were ineffectual revolts italy and,germany,germany,[0.97507906],True
145,against its dutch association the kingdom of the netherlands the,powers,powers,[0.4013378],True
146,hurried to pacify this situation and gave the belgians monarch,leopold,leopold,[0.9807936],True
147,private gentleman ” the scientific process could not have begun,greece,greece,[0.29688865],True
148,canal and american named fulton had steamer the clermont with,british,british,[0.37863907],True
150,by the treaty of adrianople greece declared free but she,not,not,[0.22611438],True
151,went on disconnected from political life and producing throughout the,seventeenth,seventeenth,[0.73522955],True
152,britain france and russia took joint action the turkish fleet,destroyed,destroyed,[0.10876915],True
154,process could not have begun greece and could not have,been,been,[0.7264221],True
155,and princes were going on europe and the patchwork of,the,the,[0.6411248],True
156,print the british museum french speaking belgium stirred up by,the,the,[0.91838694],True
157,tremendous change the railways reduced this journey for any ordinary,traveller,traveller,[0.9460043],True
158,be realized europe is still netted boundaries drawn the horse,and,and,[0.82914793],True
159,appeared to revolutionize industry trevithick adapted the watt engine to,transport,transport,[0.98259985],True
161,alexander and then stamped out of existence with great violence,and,and,[0.95902765],True
162,sea american the phœnix which went from new york hoboken,to,to,[0.9861813],True
163,rate of land transport after the russian disaster napoleon travelled,from,from,[0.6330468],True
164,on new scale and new abundance appeared to revolutionize industry,trevithick,trevithick,[0.99943465],True
166,on liberal opinion protested against this inactivity volunteers from every,european,european,[0.6257626],True
167,have done this distance twice the time these were about,the,the,[0.37731034],True
168,and europeanized world it went on disconnected from political life,and,and,[0.9211739],True
170,have been impossible the steamboat clermont a the steamboat clermont,a,a,[0.8764728],True
171,of the railway early rolling stock on the liverpool and,manchester,manchester,[0.9998276],True
172,possibility of larger and bolder handling of masses of metal,and,and,[0.68285096],True
173,prosperous and independent spirited people without what the english call,the,the,[0.97005063],True
174,turk altogether expelled from these lands lvii the development of,material,material,[0.09947319],True
177,could not have done this distance twice the time these,were,were,[0.51937515],True
178,liverpool and manchester railway early travelling on the liverpool and,manchester,manchester,[0.9993262],True
179,turks for six years they fought desperate while the governments,of,of,[0.98247725],True
180,belgium stirred up by the current revolution france revolted against,its,its,[0.3206247],True
181,and then stamped out of existence with great violence and,cruelty,cruelty,[0.54870707],True
182,material knowledge throughout the seventeenth and eighteenth centuries and the,opening,opening,[0.56079835],True
183,much clearing up of general ideas about matter and motion,much,much,[0.69022304],True
185,declared free but she not permitted to resume her ancient,republican,republican,[0.46006227],True
187,state religion map europe after the congress of vienna there,insurrection,insurrection,[0.64681506],True
188,and american named fulton had steamer the clermont with british,built,built,[0.19287191],True
189,religion map europe after the congress of vienna there insurrection,of,of,[0.91522306],True
191,republic or of annexation to france hurried to pacify this,situation,situation,[0.89000785],True
192,’ ideas about the world which they lived progress the,european,european,[0.259434],True
193,hours that is to say they reduced the chief european,distances,distances,[0.5342907],True
194,the governments of europe looked on liberal opinion protested against,this,this,[0.4667784],True
195,record of the rocks early rolling stock on the liverpool,and,and,[0.9611511],True
196,france hurried to pacify this situation and gave the belgians,monarch,monarch,[0.9979631],True
197,the rocks early rolling stock on the liverpool and manchester,railway,railway,[0.7470572],True
198,to france hurried to pacify this situation and gave the,belgians,belgians,[0.84319085],True
202,much more serious one russian poland republican government held out,warsaw,warsaw,[0.995443],True
203,insurgents and at last britain france and russia took joint,action,action,[0.36882067],True
204,the possibility of continuous access to washington however far the,frontier,frontier,[0.19429293],True
205,and bolder handling of masses of metal and other materials,reacted,reacted,[0.36085004],True
207,lvii the development of material knowledge throughout the seventeenth and,eighteenth,eighteenth,[0.927337],True
208,sailing ship spreading european influence throughout the world steady growth,of,of,[0.96936506],True
209,europe is still netted boundaries drawn the horse and road,era,era,[0.74588287],True
211,on scale that would otherwise have been impossible the steamboat,clermont,clermont,[0.99677026],True
212,the turkish fleet destroyed by the french and english at,the,the,[0.7473883],True
215,against this inactivity volunteers from every european country joined the,insurgents,insurgents,[0.8900238],True
216,to put to sea american the phœnix which went from,new,new,[0.55339694],True
217,out of existence with great violence and cruelty the polish,language,language,[0.980767],True
218,and resistent to innovation unless it has the spur of,contact,contact,[0.8215853],True
219,greece and could not have been renewed europe the universities,played,played,[0.82091415],True
220,revival of anatomical science the science of geology—foreshadowed by aristotle,and,and,[0.9790101],True
221,growth of knowledge and general clearing up of men ’,ideas,ideas,[0.74453044],True
222,hour ordinary traveller could not have done this distance twice,the,the,[0.6525234],True
224,administrative work areas ten times as great as any that,had,had,[0.24180888],True
225,areas ten times as great as any that had hitherto,been,been,[0.93520206],True
226,meant the possibility of continuous access to washington however far,the,the,[0.60917],True
227,frontier travelled across the continent it meant unity sustained on,scale,scale,[0.6242209],True
228,joint action the turkish fleet destroyed by the french and,english,english,[0.46960875],True
229,systematic development of the use of optical glass microscope and,telescope,telescope,[0.87796307],True
230,the jugo slav region much blood had still to run,however,however,[0.8203841],True
231,little ahead of the steam engine its earlier phases there,steamboat,steamboat,[0.6569111],True
232,say they reduced the chief european distances to about tenth,of,of,[0.929282],True
233,thirteen ton train got up to speed of forty four,miles,miles,[0.81867474],True
234,the spur of contact with independent minds we have already,noted,noted,[0.7036266],True
235,expelled from these lands lvii the development of material knowledge,throughout,throughout,[0.62394035],True
236,museum french speaking belgium stirred up by the current revolution,france,france,[0.5330236],True
238,of the railway the progress of physical science reacted upon,metallurgy,metallurgy,[0.9978442],True
239,however far the frontier travelled across the continent it meant,unity,unity,[0.7958701],True
240,and made the first locomotive the first railway between stockton,and,and,[0.9849427],True
243,the first steamship to put to sea american the phœnix,which,which,[0.7211829],True
244,nineteenth century it process that went on chiefly small world,of,of,[0.21585324],True
245,been renewed europe the universities played part but not leading,part,part,[0.22794397],True
246,resume her ancient republican traditions german king found for greece,one,one,[0.3077738],True
247,coburg gotha there were ineffectual revolts italy and germany and,much,much,[0.88975316],True
248,against the turks for six years they fought desperate while,the,the,[0.970381],True
249,period declared that wherever the german tongue spoken there the,german,german,[0.47873035],True
250,the maximum rate of land transport after the russian disaster,napoleon,napoleon,[0.60396314],True
252,progress the european and europeanized world it went on disconnected,from,from,[0.98465306],True
253,by the current revolution france revolted against its dutch association,the,the,[0.97728556],True
254,the charlotte dundas on the firth of clyde canal and,american,american,[0.73041725],True
255,railways had spread all over europe early travelling on the,liverpool,liverpool,[0.41671306],True
256,they fought desperate while the governments of europe looked on,liberal,liberal,[0.5764332],True
258,powers and princes were going on europe and the patchwork,of,of,[0.9988906],True
260,impossible the steamboat clermont a the steamboat clermont a the,steamboat,steamboat,[0.948107],True
261,engine to transport and made the first locomotive the first,railway,railway,[0.78558725],True
266,rates of travel as held good between rome and gaul,the,the,[0.9849648],True
267,affecting popular thought very profoundly during this period these reactions,were,were,[0.97909224],True
269,provinces which are now roumania and serbia part of the,jugo,jugo,[0.9846644],True
270,anticipated by leonardo vinci —began its great task of interpreting,the,the,[0.9955012],True
273,days of the railway the progress of physical science reacted,upon,upon,[0.52719754],True
274,already noted the formation of the royal society and its,work,work,[0.6453747],True
276,first century then suddenly came this tremendous change the railways,reduced,reduced,[0.951358],True
277,hours this journey of about miles he travelling with every,conceivable,conceivable,[0.9037144],True
278,now roumania and serbia part of the jugo slav region,much,much,[0.9233851],True
280,great violence and cruelty the polish language banned and the,greek,greek,[0.9092246],True
281,the philosophical and scientific thought of this period endowed learning,is,is,[0.71378654],True
282,american named fulton had steamer the clermont with british built,engines,engines,[0.99432075],True
283,the seventeenth and eighteenth centuries no striking immediate results political,life,life,[0.15250033],True
284,we have already noted the formation of the royal society,and,and,[0.49824917],True
285,first railway between stockton and darlington opened and stephenson ’,s,s,[0.9737168],True
286,of prosperous and independent spirited people without what the english,call,call,[0.42456973],True
287,polish language banned and the greek orthodox church substituted for,the,the,[0.98632854],True
288,the greek orthodox church substituted for the roman catholic as,the,the,[0.3773416],True
289,the record of the rocks early rolling stock on the,liverpool,liverpool,[0.9509656],True
291,princes were going on europe and the patchwork of the,treaty,treaty,[0.82751393],True
292,the danubian provinces which are now roumania and serbia part,of,of,[0.9487953],True
293,carry out administrative work areas ten times as great as,any,any,[0.5197157],True
294,this distance twice the time these were about the same,maximum,maximum,[0.5141492],True
297,gentleman ” the scientific process could not have begun greece,and,and,[0.7223201],True
298,revolution france revolted against its dutch association the kingdom of,the,the,[0.725008],True
299,firth of clyde canal and american named fulton had steamer,the,the,[0.98462206],True
300,italy and germany and much more serious one russian poland,republican,republican,[0.5511227],True
301,throughout the world steady growth of knowledge and general clearing,up,up,[0.7754156],True
302,railways reduced this journey for any ordinary traveller to less,than,than,[0.4658611],True
303,portrait of napoleon coronation from print the british museum french,speaking,speaking,[0.42975435],True
305,full significance of that possibility europe still remains to be,realized,realized,[0.8145751],True
306,remains to be realized europe is still netted boundaries drawn,the,the,[0.91824675],True
307,existence with great violence and cruelty the polish language banned,and,and,[0.99857223],True
308,rocket ” with thirteen ton train got up to speed,of,of,[0.7495304],True
311,great revival of anatomical science the science of geology—foreshadowed by,aristotle,aristotle,[0.70420235],True
314,as great as any that had hitherto been workable under,one,one,[0.46226758],True
315,from political life and producing throughout the seventeenth and eighteenth,centuries,centuries,[0.99914753],True
316,the turk altogether expelled from these lands lvii the development,of,of,[0.9976071],True
317,far the frontier travelled across the continent it meant unity,sustained,sustained,[0.27612367],True
318,there steamboat the charlotte dundas on the firth of clyde,canal,canal,[0.98432934],True
321,the german fatherland portrait of napoleon coronation portrait of napoleon,coronation,coronation,[0.99740136],True
323,land transport after the russian disaster napoleon travelled from near,vilna,vilna,[0.8630938],True
325,watt engine to transport and made the first locomotive the,first,first,[0.97900134],True
326,treaty of vienna and while the sailing ship spreading european,influence,influence,[0.549006],True
327,the dream of bacon ’ s new atlantis throughout the,eighteenth,eighteenth,[0.7843226],True
328,the powers and princes were going on europe and the,patchwork,patchwork,[0.3261501],True
329,and other materials reacted upon practical inventions machinery on new,scale,scale,[0.9859993],True
330,spoken there the german fatherland portrait of napoleon coronation portrait,of,of,[0.92213756],True
331,annexation to france hurried to pacify this situation and gave,the,the,[0.60209274],True
332,every conceivable advantage and he averaged under miles hour ordinary,traveller,traveller,[0.7716234],True
334,first locomotive the first railway between stockton and darlington opened,and,and,[0.9918881],True
335,the progress of physical science reacted upon metallurgy improved metallurgy,affording,affording,[0.99925],True
336,any ordinary traveller to less than forty eight hours that,is,is,[0.27511904],True
337,effects were immediate to the united states of america sprawling,westward,westward,[0.6536663],True
338,stamped out of existence with great violence and cruelty the,polish,polish,[0.6191168],True
339,of railways had spread all over europe early travelling on,the,the,[0.6262068],True
340,orthodox church substituted for the roman catholic as the state,religion,religion,[0.9760316],True
342,monarch leopold of saxe coburg gotha there were ineffectual revolts,italy,italy,[0.95407957],True
344,and the tsar invaded turkey by the treaty of adrianople,greece,greece,[0.3150136],True
349,small world of prosperous and independent spirited people without what,the,the,[0.75215316],True
350,railways multiplied by the middle of the century network of,railways,railways,[0.37680578],True
351,while these conflicts of the powers and princes were going,on,on,[0.47832635],True
353,renewed europe the universities played part but not leading part,the,the,[0.6521309],True
354,steamship to put to sea american the phœnix which went,from,from,[0.57732236],True
355,s new atlantis throughout the eighteenth century there much clearing,up,up,[0.88025296],True
357,napoleon coronation from print the british museum french speaking belgium,stirred,stirred,[0.84607095],True
360,road era america the effects were immediate to the united,states,states,[0.61802334],True
362,leopold of saxe coburg gotha there were ineffectual revolts italy,and,and,[0.9894744],True
363,europeanized world it went on disconnected from political life and,producing,producing,[0.9054939],True
365,that went on chiefly small world of prosperous and independent,spirited,spirited,[0.33230218],True
366,charlotte dundas on the firth of clyde canal and american,named,named,[0.927061],True
367,the liverpool and manchester railway early travelling on the liverpool,and,and,[0.9939237],True
368,’ s “ rocket ” with thirteen ton train got,up,up,[0.392261],True
369,independent minds we have already noted the formation of the,royal,royal,[0.7694163],True
370,named fulton had steamer the clermont with british built engines,upon,upon,[0.9432309],True
371,map europe after the congress of vienna there insurrection of,the,the,[0.8108006],True
372,for year against nicholas who succeeded alexander and then stamped,out,out,[0.39064226],True
373,napoleon coronation portrait of napoleon coronation from print the british,museum,museum,[0.9917882],True
374,the belgians monarch leopold of saxe coburg gotha there were,ineffectual,ineffectual,[0.89919275],True
375,clearing up of general ideas about matter and motion much,mathematical,mathematical,[0.4779405],True
376,centuries and the opening years of the nineteenth century while,these,these,[0.6839301],True
378,it meant unity sustained on scale that would otherwise have,been,been,[0.3669463],True
379,of material knowledge throughout the seventeenth and eighteenth centuries and,the,the,[0.55936176],True
380,if anything little ahead of the steam engine its earlier,phases,phases,[0.9590422],True
381,contact with independent minds we have already noted the formation,of,of,[0.96504164],True
382,and manchester railway the first days of the railway early,rolling,rolling,[0.9457448],True
384,and anticipated by leonardo vinci —began its great task of,interpreting,interpreting,[0.9955525],True
385,hour from onward railways multiplied by the middle of the,century,century,[0.35787806],True
387,knowledge and general clearing up of men ’ ideas about,the,the,[0.94536424],True
389,reactions were to come later and only their full force,the,the,[0.8103364],True
390,one russian poland republican government held out warsaw for year,against,against,[0.56544876],True
391,to be timid and conservative learning lacking initiative and resistent,to,to,[0.96320397],True
393,he travelling with every conceivable advantage and he averaged under,miles,miles,[0.3455972],True
394,these were about the same maximum rates of travel as,held,held,[0.58957857],True
395,possibilities of republic or of annexation to france hurried to,pacify,pacify,[0.99052143],True
396,made it possible to carry out administrative work areas ten,times,times,[0.6152722],True
397,of napoleon coronation from print the british museum french speaking,belgium,belgium,[0.9631008],True
399,lacking initiative and resistent to innovation unless it has the,spur,spur,[0.9500882],True
402,the powers terrified at the possibilities of republic or of,annexation,annexation,[0.91011614],True
405,coronation from print the british museum french speaking belgium stirred,up,up,[0.9192998],True
407,had been they made it possible to carry out administrative,work,work,[0.18136874],True
408,miles per hour from onward railways multiplied by the middle,of,of,[0.77725774],True
409,be timid and conservative learning lacking initiative and resistent to,innovation,innovation,[0.9902805],True
410,that would otherwise have been impossible the steamboat clermont a,the,the,[0.86057174],True
411,over europe early travelling on the liverpool and manchester railway,early,early,[0.76238006],True
412,journey for any ordinary traveller to less than forty eight,hours,hours,[0.8894958],True
413,with independent minds we have already noted the formation of,the,the,[0.95901483],True
415,not leading part the philosophical and scientific thought of this,period,period,[0.13699085],True
416,at last britain france and russia took joint action the,turkish,turkish,[0.5811465],True
417,meant unity sustained on scale that would otherwise have been,impossible,impossible,[0.25308818],True
418,scale and new abundance appeared to revolutionize industry trevithick adapted,the,the,[0.86134034],True
419,steamer the clermont with british built engines upon the hudson,river,river,[0.90996104],True
420,life nor it affecting popular thought very profoundly during this,period,period,[0.84468985],True
421,history great revival of anatomical science the science of geology—foreshadowed,by,by,[0.9911985],True
422,travelled across the continent it meant unity sustained on scale,that,that,[0.89467484],True
423,call the “ private gentleman ” the scientific process could,not,not,[0.8750021],True
424,of human life the maximum rate of land transport after,the,the,[0.48958167],True
425,sustained on scale that would otherwise have been impossible the,steamboat,steamboat,[0.2831997],True
426,clearing up of men ’ ideas about the world which,they,they,[0.49922332],True
428,of bavaria and christian governors were set up the danubian,provinces,provinces,[0.9963081],True
429,against nicholas who succeeded alexander and then stamped out of,existence,existence,[0.9659705],True
431,new atlantis throughout the eighteenth century there much clearing up,of,of,[0.4314992],True
432,to say they reduced the chief european distances to about,tenth,tenth,[0.9701849],True
433,for six years they fought desperate while the governments of,europe,europe,[0.36610144],True
434,liberal opinion protested against this inactivity volunteers from every european,country,country,[0.9787828],True
435,darlington opened and stephenson ’ s “ rocket ” with,thirteen,thirteen,[0.9881861],True
436,danubian provinces which are now roumania and serbia part of,the,the,[0.99853814],True
437,scale that would otherwise have been impossible the steamboat clermont,a,a,[0.94707865],True
438,european influence throughout the world steady growth of knowledge and,general,general,[0.10545924],True
439,been workable under one administration the full significance of that,possibility,possibility,[0.76754344],True
440,travelling with every conceivable advantage and he averaged under miles,hour,hour,[0.69220275],True
441,timid and conservative learning lacking initiative and resistent to innovation,unless,unless,[0.08885493],True
444,of america sprawling westward it meant the possibility of continuous,access,access,[0.99538004],True
445,fulton had steamer the clermont with british built engines upon,the,the,[0.63168335],True
446,found for greece one prince otto of bavaria and christian,governors,governors,[0.99335927],True
447,more serious one russian poland republican government held out warsaw,for,for,[0.93998545],True
449,part of the jugo slav region much blood had still,to,to,[0.9140397],True
450,to resume her ancient republican traditions german king found for,greece,greece,[0.5433348],True
452,nineteenth century while these conflicts of the powers and princes,were,were,[0.44965288],True
453,what had long been fixed condition of human life the,maximum,maximum,[0.44198522],True
454,reacted upon metallurgy improved metallurgy affording the possibility of larger,and,and,[0.9016991],True
455,pacify this situation and gave the belgians monarch leopold of,saxe,saxe,[0.99779403],True
456,century network of railways had spread all over europe early,travelling,travelling,[0.57585555],True
457,powers terrified at the possibilities of republic or of annexation,to,to,[0.8355347],True
458,of republic or of annexation to france hurried to pacify,this,this,[0.76373935],True
459,on the liverpool and manchester railway the first days of,the,the,[0.96027917],True
460,influence throughout the world steady growth of knowledge and general,clearing,clearing,[0.36440706],True
461,of masses of metal and other materials reacted upon practical,inventions,inventions,[0.24489826],True
463,the roman catholic as the state religion map europe after,the,the,[0.5892914],True
464,of westphalia changing kaleidoscopically into the patchwork of the treaty,of,of,[0.97614145],True
465,liverpool and manchester railway here sudden change what had long,been,been,[0.5808932],True
466,per hour from onward railways multiplied by the middle of,the,the,[0.9471812],True
467,railway early rolling stock on the liverpool and manchester railway,the,the,[0.5616975],True
469,america the effects were immediate to the united states of,america,america,[0.9754655],True
470,profoundly during this period these reactions were to come later,and,and,[0.78014344],True
472,world which they lived progress the european and europeanized world,it,it,[0.51654756],True
473,german fatherland portrait of napoleon coronation portrait of napoleon coronation,from,from,[0.99232566],True
474,and serbia part of the jugo slav region much blood,had,had,[0.78765863],True
475,near vilna to paris hours this journey of about miles,he,he,[0.6982797],True
478,jugo slav region much blood had still to run however,before,before,[0.64421153],True
479,governors were set up the danubian provinces which are now,roumania,roumania,[0.96586066],True
480,a the steamboat if anything little ahead of the steam,engine,engine,[0.96713513],True
481,belgians monarch leopold of saxe coburg gotha there were ineffectual,revolts,revolts,[0.9743669],True
482,the universities played part but not leading part the philosophical,and,and,[0.764508],True
485,early rolling stock on the liverpool and manchester railway the,first,first,[0.8238141],True
486,manchester railway here sudden change what had long been fixed,condition,condition,[0.45498744],True
487,could not have been renewed europe the universities played part,but,but,[0.7147699],True
488,and telescope renewed energy classificatory natural history great revival of,anatomical,anatomical,[0.9925855],True
489,of about miles he travelling with every conceivable advantage and,he,he,[0.8258155],True
490,leonardo vinci —began its great task of interpreting the record,of,of,[0.98559594],True
491,handling of masses of metal and other materials reacted upon,practical,practical,[0.49562854],True
492,invaded turkey by the treaty of adrianople greece declared free,but,but,[0.3530619],True
493,rocks early rolling stock on the liverpool and manchester railway,the,the,[0.88511],True
494,declared that wherever the german tongue spoken there the german,fatherland,fatherland,[0.9956872],True
495,adrianople greece declared free but she not permitted to resume,her,her,[0.8811269],True
496,turkish fleet destroyed by the french and english at the,battle,battle,[0.54979753],True
497,and he averaged under miles hour ordinary traveller could not,have,have,[0.70901775],True
498,ordinary traveller to less than forty eight hours that is,to,to,[0.3280511],True
499,vienna and while the sailing ship spreading european influence throughout,the,the,[0.4873395],True
501,the effects were immediate to the united states of america,sprawling,sprawling,[0.9477931],True
502,science reacted upon metallurgy improved metallurgy affording the possibility of,larger,larger,[0.72027725],True
503,condition of human life the maximum rate of land transport,after,after,[0.17337947],True
504,altogether expelled from these lands lvii the development of material,knowledge,knowledge,[0.94330025],True
505,the treaty of vienna and while the sailing ship spreading,european,european,[0.62117773],True
506,society and its work realizing the dream of bacon ’,s,s,[0.764254],True
507,would otherwise have been impossible the steamboat clermont a the,steamboat,steamboat,[0.738852],True
508,boundaries drawn the horse and road era america the effects,were,were,[0.9584908],True
509,steamboat clermont a the steamboat clermont a the steamboat if,anything,anything,[0.7995641],True
510,the first days of the railway early rolling stock on,the,the,[0.8654923],True
511,every european country joined the insurgents and at last britain,france,france,[0.47539273],True
512,congress of vienna there insurrection of the greeks against the,turks,turks,[0.49135545],True
513,stock on the liverpool and manchester railway the first days,of,of,[0.9403225],True
515,english call the “ private gentleman ” the scientific process,could,could,[0.12922122],True
516,up the danubian provinces which are now roumania and serbia,part,part,[0.23043913],True
517,to speed of forty four miles per hour from onward,railways,railways,[0.9893328],True
518,and much more serious one russian poland republican government held,out,out,[0.77324325],True
519,york the first steamship to put to sea american the,phœnix,phœnix,[0.9869819],True
520,that had hitherto been workable under one administration the full,significance,significance,[0.88734514],True
522,about matter and motion much mathematical advance systematic development of,the,the,[0.9356673],True
523,after the russian disaster napoleon travelled from near vilna to,paris,paris,[0.24827476],True
524,less than forty eight hours that is to say they,reduced,reduced,[0.6775269],True
525,inventions machinery on new scale and new abundance appeared to,revolutionize,revolutionize,[0.8036319],True
526,miles he travelling with every conceivable advantage and he averaged,under,under,[0.8117683],True
527,of the most popular songs germany during this period declared,that,that,[0.5109871],True
528,of navarino and the tsar invaded turkey by the treaty,of,of,[0.9995993],True
529,blood had still to run however before the turk altogether,expelled,expelled,[0.8753189],True
531,and could not have been renewed europe the universities played,part,part,[0.97909355],True
532,its dutch association the kingdom of the netherlands the powers,terrified,terrified,[0.48971304],True
533,serious one russian poland republican government held out warsaw for,year,year,[0.67132914],True
535,results political life nor it affecting popular thought very profoundly,during,during,[0.4773989],True
536,the most popular songs germany during this period declared that,wherever,wherever,[0.6179203],True
537,otto of bavaria and christian governors were set up the,danubian,danubian,[0.98891056],True
538,of the jugo slav region much blood had still to,run,run,[0.1694621],True
539,germany during this period declared that wherever the german tongue,spoken,spoken,[0.68672496],True
540,these reactions were to come later and only their full,force,force,[0.6214507],True
542,and scientific thought of this period endowed learning is apt,to,to,[0.98790216],True
543,throughout the seventeenth and eighteenth centuries and the opening years,of,of,[0.8886299],True
544,endowed learning is apt to be timid and conservative learning,lacking,lacking,[0.99254405],True
546,good between rome and gaul the first century then suddenly,came,came,[0.21978489],True
548,german tongue spoken there the german fatherland portrait of napoleon,coronation,coronation,[0.99972445],True
549,going on europe and the patchwork of the treaty of,westphalia,westphalia,[0.98022276],True
550,speaking belgium stirred up by the current revolution france revolted,against,against,[0.8963344],True
552,it any wonder that one of the most popular songs,germany,germany,[0.65928525],True
553,of this period endowed learning is apt to be timid,and,and,[0.5496898],True
555,travel as held good between rome and gaul the first,century,century,[0.4796745],True
557,ancient republican traditions german king found for greece one prince,otto,otto,[0.98559326],True
559,popular thought very profoundly during this period these reactions were,to,to,[0.8262942],True
561,between stockton and darlington opened and stephenson ’ s “,rocket,rocket,[0.98395514],True
562,without what the english call the “ private gentleman ”,the,the,[0.28075165],True
563,netherlands the powers terrified at the possibilities of republic or,of,of,[0.5703553],True
565,and only their full force the latter half of the,nineteenth,nineteenth,[0.83362746],True
567,navarino and the tsar invaded turkey by the treaty of,adrianople,adrianople,[0.97022575],True
569,republican government held out warsaw for year against nicholas who,succeeded,succeeded,[0.9503348],True
571,tongue spoken there the german fatherland portrait of napoleon coronation,portrait,portrait,[0.7364404],True
572,had hitherto been workable under one administration the full significance,of,of,[0.7404874],True
573,first days of the railway early rolling stock on the,liverpool,liverpool,[0.9698249],True
575,europe still remains to be realized europe is still netted,boundaries,boundaries,[0.9324507],True
576,one prince otto of bavaria and christian governors were set,up,up,[0.9786332],True
577,early rolling stock on the liverpool and manchester railway the,first,first,[0.8238141],True
578,any wonder that one of the most popular songs germany,during,during,[0.9074301],True
579,traveller to less than forty eight hours that is to,say,say,[0.72867507],True
580,there insurrection of the greeks against the turks for six,years,years,[0.24896039],True
581,the continent it meant unity sustained on scale that would,otherwise,otherwise,[0.26864627],True
582,of forty four miles per hour from onward railways multiplied,by,by,[0.6192109],True
584,it process that went on chiefly small world of prosperous,and,and,[0.6379623],True
585,great as any that had hitherto been workable under one,administration,administration,[0.9956513],True
586,up of men ’ ideas about the world which they,lived,lived,[0.35676053],True
587,held out warsaw for year against nicholas who succeeded alexander,and,and,[0.9493767],True
588,up to speed of forty four miles per hour from,onward,onward,[0.8320386],True
589,of adrianople greece declared free but she not permitted to,resume,resume,[0.5224398],True
590,greece declared free but she not permitted to resume her,ancient,ancient,[0.6886745],True
592,“ rocket ” with thirteen ton train got up to,speed,speed,[0.07469793],True
593,the use of optical glass microscope and telescope renewed energy,classificatory,classificatory,[0.9963643],True
594,multiplied by the middle of the century network of railways,had,had,[0.72434276],True
595,access to washington however far the frontier travelled across the,continent,continent,[0.44110817],True
599,begun greece and could not have been renewed europe the,universities,universities,[0.8310384],True
600,disconnected from political life and producing throughout the seventeenth and,eighteenth,eighteenth,[0.96005225],True
601,the russian disaster napoleon travelled from near vilna to paris,hours,hours,[0.582641],True
603,into the patchwork of the treaty of vienna and while,the,the,[0.8201561],True
604,the scientific process could not have begun greece and could,not,not,[0.6952693],True
606,got up to speed of forty four miles per hour,from,from,[0.28747427],True
607,and road era america the effects were immediate to the,united,united,[0.8627676],True
609,terrified at the possibilities of republic or of annexation to,france,france,[0.9302745],True
610,revolted against its dutch association the kingdom of the netherlands,the,the,[0.46292156],True
611,lands lvii the development of material knowledge throughout the seventeenth,and,and,[0.6600337],True
612,microscope and telescope renewed energy classificatory natural history great revival,of,of,[0.9834241],True
613,middle of the century network of railways had spread all,over,over,[0.66525257],True
614,vinci —began its great task of interpreting the record of,the,the,[0.9950387],True
615,destroyed by the french and english at the battle of,navarino,navarino,[0.9119108],True
616,minds we have already noted the formation of the royal,society,society,[0.53286225],True
617,the nineteenth century while these conflicts of the powers and,princes,princes,[0.74742126],True
618,while the governments of europe looked on liberal opinion protested,against,against,[0.7623694],True
619,great task of interpreting the record of the rocks early,rolling,rolling,[0.9099296],True
620,the battle of navarino and the tsar invaded turkey by,the,the,[0.96653306],True
621,had steamer the clermont with british built engines upon the,hudson,hudson,[0.980165],True
622,about the same maximum rates of travel as held good,between,between,[0.8389549],True
623,railway between stockton and darlington opened and stephenson ’ s,“,“,[0.65527076],True
624,classificatory natural history great revival of anatomical science the science,of,of,[0.99532205],True
625,manchester railway early travelling on the liverpool and manchester railway,here,here,[0.18402535],True
626,up of general ideas about matter and motion much mathematical,advance,advance,[0.44061425],True
627,still remains to be realized europe is still netted boundaries,drawn,drawn,[0.7236012],True
628,during this period declared that wherever the german tongue spoken,there,there,[0.6426387],True
629,thought of this period endowed learning is apt to be,timid,timid,[0.28347775],True
631,telescope renewed energy classificatory natural history great revival of anatomical,science,science,[0.9641297],True
632,and gave the belgians monarch leopold of saxe coburg gotha,there,there,[0.99598795],True
633,republican traditions german king found for greece one prince otto,of,of,[0.8939126],True
634,had long been fixed condition of human life the maximum,rate,rate,[0.967196],True
635,roumania and serbia part of the jugo slav region much,blood,blood,[0.9362727],True
636,but she not permitted to resume her ancient republican traditions,german,german,[0.7293131],True
637,and gaul the first century then suddenly came this tremendous,change,change,[0.35407498],True
638,from print the british museum french speaking belgium stirred up,by,by,[0.4662335],True
642,upon the hudson river above new york the first steamship,to,to,[0.75612867],True
645,have begun greece and could not have been renewed europe,the,the,[0.11707739],True
646,is apt to be timid and conservative learning lacking initiative,and,and,[0.96532106],True
648,energy classificatory natural history great revival of anatomical science the,science,science,[0.9305403],True
650,upon metallurgy improved metallurgy affording the possibility of larger and,bolder,bolder,[0.92211914],True
651,and manchester railway early travelling on the liverpool and manchester,railway,railway,[0.9233015],True
653,glass microscope and telescope renewed energy classificatory natural history great,revival,revival,[0.9240912],True
654,and the patchwork of the treaty of westphalia changing kaleidoscopically,into,into,[0.9366104],True
655,learning lacking initiative and resistent to innovation unless it has,the,the,[0.5677045],True
656,this period endowed learning is apt to be timid and,conservative,conservative,[0.999405],True
657,other materials reacted upon practical inventions machinery on new scale,and,and,[0.32959682],True
658,united states of america sprawling westward it meant the possibility,of,of,[0.9679271],True
659,interpreting the record of the rocks early rolling stock on,the,the,[0.98164994],True
662,eighteenth centuries no striking immediate results political life nor it,affecting,affecting,[0.59026164],True
663,of clyde canal and american named fulton had steamer the,clermont,clermont,[0.9923252],True
664,the sailing ship spreading european influence throughout the world steady,growth,growth,[0.64213705],True
665,of vienna and while the sailing ship spreading european influence,throughout,throughout,[0.6003572],True
666,permitted to resume her ancient republican traditions german king found,for,for,[0.7407155],True
667,the patchwork of the treaty of westphalia changing kaleidoscopically into,the,the,[0.13942966],True
668,under one administration the full significance of that possibility europe,still,still,[0.36399648],True
669,engine its earlier phases there steamboat the charlotte dundas on,the,the,[0.9254809],True
670,river above new york the first steamship to put to,sea,sea,[0.66343606],True
671,striking immediate results political life nor it affecting popular thought,very,very,[0.48417908],True
675,initiative and resistent to innovation unless it has the spur,of,of,[0.98683304],True
676,on the firth of clyde canal and american named fulton,had,had,[0.9755122],True
677,russian disaster napoleon travelled from near vilna to paris hours,this,this,[0.4848463],True
682,mathematical advance systematic development of the use of optical glass,microscope,microscope,[0.9987501],True
683,new york the first steamship to put to sea american,the,the,[0.65502185],True
684,russian poland republican government held out warsaw for year against,nicholas,nicholas,[0.9989503],True
685,of existence with great violence and cruelty the polish language,banned,banned,[0.9787611],True
686,american the phœnix which went from new york hoboken to,philadelphia,philadelphia,[0.89261174],True
688,anything little ahead of the steam engine its earlier phases,there,there,[0.4846225],True
689,fleet destroyed by the french and english at the battle,of,of,[0.9807514],True
690,speed of forty four miles per hour from onward railways,multiplied,multiplied,[0.96484363],True
691,and english at the battle of navarino and the tsar,invaded,invaded,[0.970014],True
692,this period these reactions were to come later and only,their,their,[0.47669405],True
693,spread all over europe early travelling on the liverpool and,manchester,manchester,[0.9758006],True
694,change what had long been fixed condition of human life,the,the,[0.16538276],True
695,latter half of the nineteenth century it process that went,on,on,[0.6443596],True
696,liverpool and manchester railway the first days of the railway,the,the,[0.22459848],True
699,they lived progress the european and europeanized world it went,on,on,[0.8762979],True
700,metallurgy improved metallurgy affording the possibility of larger and bolder,handling,handling,[0.6601163],True
701,materials reacted upon practical inventions machinery on new scale and,new,new,[0.9340027],True
703,wonder that one of the most popular songs germany during,this,this,[0.37229106],True
705,of bacon ’ s new atlantis throughout the eighteenth century,there,there,[0.5710674],True
706,its work realizing the dream of bacon ’ s new,atlantis,atlantis,[0.9976592],True
709,were going on europe and the patchwork of the treaty,of,of,[0.9414558],True
710,of the use of optical glass microscope and telescope renewed,energy,energy,[0.5299334],True
711,turkey by the treaty of adrianople greece declared free but,she,she,[0.8696553],True
714,a the steamboat clermont a the steamboat if anything little,ahead,ahead,[0.95879984],True
715,only their full force the latter half of the nineteenth,century,century,[0.99826413],True
716,this inactivity volunteers from every european country joined the insurgents,and,and,[0.99470264],True
717,scientific process could not have begun greece and could not,have,have,[0.6905676],True
719,industry trevithick adapted the watt engine to transport and made,the,the,[0.15933388],True
720,of annexation to france hurried to pacify this situation and,gave,gave,[0.19824435],True
721,part the philosophical and scientific thought of this period endowed,learning,learning,[0.94220984],True
722,the same maximum rates of travel as held good between,rome,rome,[0.3010901],True
723,fixed condition of human life the maximum rate of land,transport,transport,[0.99553984],True
726,progress of physical science reacted upon metallurgy improved metallurgy affording,the,the,[0.99538654],True
727,went on chiefly small world of prosperous and independent spirited,people,people,[0.93357444],True
728,desperate while the governments of europe looked on liberal opinion,protested,protested,[0.9751431],True
730,transport and made the first locomotive the first railway between,stockton,stockton,[0.52469856],True
731,rome and gaul the first century then suddenly came this,tremendous,tremendous,[0.8795582],True
733,this journey for any ordinary traveller to less than forty,eight,eight,[0.33139202],True
735,french and english at the battle of navarino and the,tsar,tsar,[0.5622108],True
736,as any that had hitherto been workable under one administration,the,the,[0.94518876],True
737,nor it affecting popular thought very profoundly during this period,these,these,[0.21031024],True
739,the treaty of adrianople greece declared free but she not,permitted,permitted,[0.9361364],True
742,the netherlands the powers terrified at the possibilities of republic,or,or,[0.606061],True
743,volunteers from every european country joined the insurgents and at,last,last,[0.9638395],True
744,it possible to carry out administrative work areas ten times,as,as,[0.9134064],True
745,this situation and gave the belgians monarch leopold of saxe,coburg,coburg,[0.9999225],True
746,suddenly came this tremendous change the railways reduced this journey,for,for,[0.6717812],True
747,on europe and the patchwork of the treaty of westphalia,changing,changing,[0.92854494],True
748,dutch association the kingdom of the netherlands the powers terrified,at,at,[0.33978894],True
749,and new abundance appeared to revolutionize industry trevithick adapted the,watt,watt,[0.9966323],True
750,the railway early rolling stock on the liverpool and manchester,railway,railway,[0.61437666],True
751,the possibilities of republic or of annexation to france hurried,to,to,[0.8163014],True
752,gotha there were ineffectual revolts italy and germany and much,more,more,[0.9784373],True
755,motion much mathematical advance systematic development of the use of,optical,optical,[0.5794909],True
759,unless it has the spur of contact with independent minds,we,we,[0.85288984],True
760,the “ private gentleman ” the scientific process could not,have,have,[0.39416927],True
761,train got up to speed of forty four miles per,hour,hour,[0.3538963],True
762,of the nineteenth century while these conflicts of the powers,and,and,[0.5472952],True
763,of anatomical science the science of geology—foreshadowed by aristotle and,anticipated,anticipated,[0.9808549],True
764,averaged under miles hour ordinary traveller could not have done,this,this,[0.1600322],True
765,the first railway between stockton and darlington opened and stephenson,’,’,[0.9951615],True
766,prince otto of bavaria and christian governors were set up,the,the,[0.78391546],True
768,portrait of napoleon coronation portrait of napoleon coronation from print,the,the,[0.99915314],True
769,later and only their full force the latter half of,the,the,[0.90572995],True
770,and at last britain france and russia took joint action,the,the,[0.65797],True
774,of physical science reacted upon metallurgy improved metallurgy affording the,possibility,possibility,[0.88290906],True
775,one administration the full significance of that possibility europe still,remains,remains,[0.29615682],True
776,clyde canal and american named fulton had steamer the clermont,with,with,[0.962391],True
777,were set up the danubian provinces which are now roumania,and,and,[0.8756775],True
778,stock on the liverpool and manchester railway the first days,of,of,[0.9403225],True
779,is it any wonder that one of the most popular,songs,songs,[0.99109215],True
780,greek orthodox church substituted for the roman catholic as the,state,state,[0.42314753],True
781,natural history great revival of anatomical science the science of,geology—foreshadowed,geology—foreshadowed,[0.9889159],True
782,aristotle and anticipated by leonardo vinci —began its great task,of,of,[0.9161572],True
783,by aristotle and anticipated by leonardo vinci —began its great,task,task,[0.95797855],True
784,the phœnix which went from new york hoboken to philadelphia,too,too,[0.24188942],True
785,european and europeanized world it went on disconnected from political,life,life,[0.60062814],True
786,church substituted for the roman catholic as the state religion,map,map,[0.90135103],True
788,not have begun greece and could not have been renewed,europe,europe,[0.45598915],True
790,and eighteenth centuries and the opening years of the nineteenth,century,century,[0.9973742],True
792,centuries no striking immediate results political life nor it affecting,popular,popular,[0.0915888],True
793,phœnix which went from new york hoboken to philadelphia too,the,the,[0.99004936],True
794,the liverpool and manchester railway the first days of the,railway,railway,[0.73120725],True
795,all over europe early travelling on the liverpool and manchester,railway,railway,[0.65074795],True
797,new scale and new abundance appeared to revolutionize industry trevithick,adapted,adapted,[0.8352488],True
798,roman catholic as the state religion map europe after the,congress,congress,[0.60932773],True
799,coronation portrait of napoleon coronation from print the british museum,french,french,[0.3881317],True
800,from near vilna to paris hours this journey of about,miles,miles,[0.54482853],True
801,manchester railway the first days of the railway early rolling,stock,stock,[0.70562065],True
803,four miles per hour from onward railways multiplied by the,middle,middle,[0.10353361],True
805,the development of material knowledge throughout the seventeenth and eighteenth,centuries,centuries,[0.715152],True
807,the french and english at the battle of navarino and,the,the,[0.967213],True
808,the railway the progress of physical science reacted upon metallurgy,improved,improved,[0.7654747],True
809,renewed energy classificatory natural history great revival of anatomical science,the,the,[0.32342046],True
810,steamboat the charlotte dundas on the firth of clyde canal,and,and,[0.8863147],True
811,distance twice the time these were about the same maximum,rates,rates,[0.9859553],True
812,it affecting popular thought very profoundly during this period these,reactions,reactions,[0.9884596],True
814,speech is it any wonder that one of the most,popular,popular,[0.48733062],True
815,that one of the most popular songs germany during this,period,period,[0.82906115],True
816,westphalia changing kaleidoscopically into the patchwork of the treaty of,vienna,vienna,[0.9704058],True
817,the english call the “ private gentleman ” the scientific,process,process,[0.7427805],True
818,the first locomotive the first railway between stockton and darlington,opened,opened,[0.941262],True
819,learning is apt to be timid and conservative learning lacking,initiative,initiative,[0.9919748],True
820,ideas about matter and motion much mathematical advance systematic development,of,of,[0.96136075],True
821,world it went on disconnected from political life and producing,throughout,throughout,[0.8513965],True
822,people without what the english call the “ private gentleman,”,”,[0.9718765],True
823,and conservative learning lacking initiative and resistent to innovation unless,it,it,[0.4450407],True
824,of vienna there insurrection of the greeks against the turks,for,for,[0.36962566],True
825,century there much clearing up of general ideas about matter,and,and,[0.8687847],True
826,stirred up by the current revolution france revolted against its,dutch,dutch,[0.86142725],True
827,of geology—foreshadowed by aristotle and anticipated by leonardo vinci —began,its,its,[0.97164625],True
828,throughout the seventeenth and eighteenth centuries no striking immediate results,political,political,[0.7789422],True
829,railway the progress of physical science reacted upon metallurgy improved,metallurgy,metallurgy,[0.9969261],True
830,it went on disconnected from political life and producing throughout,the,the,[0.85367906],True
831,france revolted against its dutch association the kingdom of the,netherlands,netherlands,[0.52282435],True
832,vilna to paris hours this journey of about miles he,travelling,travelling,[0.83490235],True
833,metallurgy affording the possibility of larger and bolder handling of,masses,masses,[0.95125103],True
834,steady growth of knowledge and general clearing up of men,’,’,[0.65025365],True
835,advance systematic development of the use of optical glass microscope,and,and,[0.24931654],True
836,went from new york hoboken to philadelphia too the first,ship,ship,[0.9027435],True
837,songs germany during this period declared that wherever the german,tongue,tongue,[0.62566197],True
838,played part but not leading part the philosophical and scientific,thought,thought,[0.82687604],True
839,language banned and the greek orthodox church substituted for the,roman,roman,[0.94932544],True
840,ineffectual revolts italy and germany and much more serious one,russian,russian,[0.671798],True
841,transport after the russian disaster napoleon travelled from near vilna,to,to,[0.9965385],True
842,universities played part but not leading part the philosophical and,scientific,scientific,[0.4150015],True
843,the world which they lived progress the european and europeanized,world,world,[0.9597383],True
844,come later and only their full force the latter half,of,of,[0.79342216],True
845,significance of that possibility europe still remains to be realized,europe,europe,[0.8468705],True
846,times as great as any that had hitherto been workable,under,under,[0.8737821],True
847,and russia took joint action the turkish fleet destroyed by,the,the,[0.91031134],True
848,vienna there insurrection of the greeks against the turks for,six,six,[0.6978616],True
850,the seventeenth and eighteenth centuries and the opening years of,the,the,[0.08288596],True
851,innovation unless it has the spur of contact with independent,minds,minds,[0.82176864],True
852,revolutionize industry trevithick adapted the watt engine to transport and,made,made,[0.59763724],True
853,greece one prince otto of bavaria and christian governors were,set,set,[0.82486314],True
854,english at the battle of navarino and the tsar invaded,turkey,turkey,[0.9534977],True
855,clermont a the steamboat if anything little ahead of the,steam,steam,[0.35748205],True
856,association the kingdom of the netherlands the powers terrified at,the,the,[0.7677856],True
857,chief european distances to about tenth of what they had,been,been,[0.681057],True
858,conservative learning lacking initiative and resistent to innovation unless it,has,has,[0.66508657],True
859,set up the danubian provinces which are now roumania and,serbia,serbia,[0.9606225],True
860,machinery on new scale and new abundance appeared to revolutionize,industry,industry,[0.9974106],True
861,succeeded alexander and then stamped out of existence with great,violence,violence,[0.94921064],True
862,” with thirteen ton train got up to speed of,forty,forty,[0.53499913],True
863,and the opening years of the nineteenth century while these,conflicts,conflicts,[0.3380303],True
865,abundance appeared to revolutionize industry trevithick adapted the watt engine,to,to,[0.940297],True
866,otherwise have been impossible the steamboat clermont a the steamboat,clermont,clermont,[0.99977857],True
867,of the royal society and its work realizing the dream,of,of,[0.96589226],True
869,to revolutionize industry trevithick adapted the watt engine to transport,and,and,[0.8208966],True
870,apt to be timid and conservative learning lacking initiative and,resistent,resistent,[0.9968502],True
872,then suddenly came this tremendous change the railways reduced this,journey,journey,[0.2653738],True
873,had spread all over europe early travelling on the liverpool,and,and,[0.99537057],True
874,popular songs germany during this period declared that wherever the,german,german,[0.19518667],True
875,of the treaty of vienna and while the sailing ship,spreading,spreading,[0.3046332],True
878,cruelty the polish language banned and the greek orthodox church,substituted,substituted,[0.9966723],True
879,philosophical and scientific thought of this period endowed learning is,apt,apt,[0.98960555],True
880,improved metallurgy affording the possibility of larger and bolder handling,of,of,[0.90952903],True
881,travelling on the liverpool and manchester railway early travelling on,the,the,[0.8865869],True
882,before the turk altogether expelled from these lands lvii the,development,development,[0.9580199],True
884,country joined the insurgents and at last britain france and,russia,russia,[0.71023566],True
886,anatomical science the science of geology—foreshadowed by aristotle and anticipated,by,by,[0.94005597],True
888,of napoleon coronation portrait of napoleon coronation from print the,british,british,[0.85593385],True
889,of general ideas about matter and motion much mathematical advance,systematic,systematic,[0.44993824],True
890,catholic as the state religion map europe after the congress,of,of,[0.9942473],True
892,been they made it possible to carry out administrative work,areas,areas,[0.7688477],True
893,netted boundaries drawn the horse and road era america the,effects,effects,[0.9882125],True
894,long been fixed condition of human life the maximum rate,of,of,[0.6992001],True
895,workable under one administration the full significance of that possibility,europe,europe,[0.5172188],True
897,days of the railway early rolling stock on the liverpool,and,and,[0.95713085],True
898,on the liverpool and manchester railway the first days of,the,the,[0.96027917],True
899,sprawling westward it meant the possibility of continuous access to,washington,washington,[0.96934223],True
900,slav region much blood had still to run however before,the,the,[0.6461628],True
901,reduced the chief european distances to about tenth of what,they,they,[0.6307398],True
902,put to sea american the phœnix which went from new,york,york,[0.9807897],True
903,europe the universities played part but not leading part the,philosophical,philosophical,[0.9765246],True
904,have already noted the formation of the royal society and,its,its,[0.4670345],True
905,the hudson river above new york the first steamship to,put,put,[0.6221984],True
906,task of interpreting the record of the rocks early rolling,stock,stock,[0.8260561],True
907,free but she not permitted to resume her ancient republican,traditions,traditions,[0.5595697],True
908,spreading european influence throughout the world steady growth of knowledge,and,and,[0.9058379],True
909,the clermont with british built engines upon the hudson river,above,above,[0.885351],True
910,trevithick adapted the watt engine to transport and made the,first,first,[0.9700752],True
911,its earlier phases there steamboat the charlotte dundas on the,firth,firth,[0.9989524],True
912,manchester railway the first days of the railway the progress,of,of,[0.87680775],True
914,possibility of continuous access to washington however far the frontier,travelled,travelled,[0.33486837],True
915,human life the maximum rate of land transport after the,russian,russian,[0.7957909],True
916,of the treaty of westphalia changing kaleidoscopically into the patchwork,of,of,[0.97868997],True
917,very profoundly during this period these reactions were to come,later,later,[0.6559413],True
918,battle of navarino and the tsar invaded turkey by the,treaty,treaty,[0.995089],True
919,the science of geology—foreshadowed by aristotle and anticipated by leonardo,vinci,vinci,[0.9995871],True
921,the liverpool and manchester railway here sudden change what had,long,long,[0.6930667],True
922,bavaria and christian governors were set up the danubian provinces,which,which,[0.9875022],True
923,bolder handling of masses of metal and other materials reacted,upon,upon,[0.94530964],True
925,the firth of clyde canal and american named fulton had,steamer,steamer,[0.5098517],True
926,nicholas who succeeded alexander and then stamped out of existence,with,with,[0.95766497],True
929,leading part the philosophical and scientific thought of this period,endowed,endowed,[0.8845801],True
930,of the rocks early rolling stock on the liverpool and,manchester,manchester,[0.9999654],True
932,advantage and he averaged under miles hour ordinary traveller could,not,not,[0.8910017],True
933,seventeenth and eighteenth centuries and the opening years of the,nineteenth,nineteenth,[0.5566552],True
934,maximum rates of travel as held good between rome and,gaul,gaul,[0.8332103],True
935,masses of metal and other materials reacted upon practical inventions,machinery,machinery,[0.9964702],True
936,they had been they made it possible to carry out,administrative,administrative,[0.95762527],True
937,built engines upon the hudson river above new york the,first,first,[0.7678623],True
938,run however before the turk altogether expelled from these lands,lvii,lvii,[0.9940084],True
939,physical science reacted upon metallurgy improved metallurgy affording the possibility,of,of,[0.9998677],True
940,wherever the german tongue spoken there the german fatherland portrait,of,of,[0.9932406],True
941,noted the formation of the royal society and its work,realizing,realizing,[0.9997235],True
942,however before the turk altogether expelled from these lands lvii,the,the,[0.98547924],True
943,first days of the railway the progress of physical science,reacted,reacted,[0.24866156],True
944,revolts italy and germany and much more serious one russian,poland,poland,[0.9986206],True
945,work realizing the dream of bacon ’ s new atlantis,throughout,throughout,[0.97199774],True
946,europe early travelling on the liverpool and manchester railway early,travelling,travelling,[0.91080165],True
947,forty four miles per hour from onward railways multiplied by,the,the,[0.87976354],True
948,to sea american the phœnix which went from new york,hoboken,hoboken,[0.9975516],True
950,metal and other materials reacted upon practical inventions machinery on,new,new,[0.4888327],True
951,life the maximum rate of land transport after the russian,disaster,disaster,[0.79397684],True
952,steamboat clermont a the steamboat if anything little ahead of,the,the,[0.84149605],True
953,changing kaleidoscopically into the patchwork of the treaty of vienna,and,and,[0.9606978],True
954,lived progress the european and europeanized world it went on,disconnected,disconnected,[0.9978422],True
956,ordinary traveller could not have done this distance twice the,time,time,[0.5002725],True
959,for greece one prince otto of bavaria and christian governors,were,were,[0.7579376],True
960,formation of the royal society and its work realizing the,dream,dream,[0.43782675],True
961,the opening years of the nineteenth century while these conflicts,of,of,[0.934394],True
962,gave the belgians monarch leopold of saxe coburg gotha there,were,were,[0.97185725],True
965,current revolution france revolted against its dutch association the kingdom,of,of,[0.73231006],True
967,the turks for six years they fought desperate while the,governments,governments,[0.399895],True
968,’ s new atlantis throughout the eighteenth century there much,clearing,clearing,[0.64521676],True
969,than forty eight hours that is to say they reduced,the,the,[0.5528653],True
970,on the liverpool and manchester railway early travelling on the,liverpool,liverpool,[0.8433342],True
972,that possibility europe still remains to be realized europe is,still,still,[0.9474713],True
973,stockton and darlington opened and stephenson ’ s “ rocket,”,”,[0.97504234],True
974,gaul the first century then suddenly came this tremendous change,the,the,[0.45233354],True
978,violence and cruelty the polish language banned and the greek,orthodox,orthodox,[0.94288445],True
979,the formation of the royal society and its work realizing,the,the,[0.9871072],True
980,and cruelty the polish language banned and the greek orthodox,church,church,[0.9758621],True
981,producing throughout the seventeenth and eighteenth centuries no striking immediate,results,results,[0.8645314],True
982,the first days of the railway the progress of physical,science,science,[0.8382431],True
984,affording the possibility of larger and bolder handling of masses,of,of,[0.99815935],True
985,earlier phases there steamboat the charlotte dundas on the firth,of,of,[0.99819857],True
986,at the battle of navarino and the tsar invaded turkey,by,by,[0.9299057],True
987,banned and the greek orthodox church substituted for the roman,catholic,catholic,[0.83960897],True
988,then stamped out of existence with great violence and cruelty,the,the,[0.7191378],True
989,drawn the horse and road era america the effects were,immediate,immediate,[0.30558798],True
